{"cameraMode":{"drawMode":0,"name":"Shaded","section":"Shading Mode"},"sceneLighting":true,"audioPlay":false,"sceneViewState":{"m_AlwaysRefresh":false,"showFog":true,"showSkybox":true,"showFlares":true,"showImageEffects":true,"showParticleSystems":true,"showVisualEffectGraphs":true,"m_FxEnabled":true},"in2DMode":false,"pivot":{"x":-0.08632061630487442,"y":0.04214071109890938,"z":-0.007971329614520073},"rotation":{"x":0.16424886882305146,"y":-0.006512538064271212,"z":0.0010840294416993857,"w":0.9863989949226379},"size":0.1510024517774582,"orthographic":true}